1	1	1	1	10	10	20	100	0	
1	1	1	1	10	10	14.078	93.3612	15.7738	
1	1	1	1	10	10	12.2419	90.8147	27.4931	
0	2	1	1	10	10	11.7171	89.586	37.9105	
1	1	1	1	10	10	11.6436	88.8148	47.8791	
0	2	0	2	10	10	11.7299	88.2097	57.6877	
0	2	1	1	10	10	11.8738	87.6684	67.4376	
1	1	1	1	10	10	12.0391	87.1546	77.1647	
1	1	1	1	10	10	12.2128	86.6553	86.8819	
1	1	1	1	10	10	12.3901	86.1656	96.5939	
1	1	1	1	10	9	12.5694	85.6839	106.302	
0	2	1	1	10	8	12.75	85.2094	116.008	
0	2	1	1	10	8	12.9317	84.7419	125.71	
1	1	1	1	10	8	13.1143	84.2812	135.411	
1	1	1	1	10	7	13.298	83.8271	145.108	
1	1	1	1	10	7	13.4825	83.3798	154.803	
0	2	1	1	10	7	13.668	82.939	164.495	
1	1	1	1	10	7	13.8543	82.5046	174.185	
0	2	1	1	10	7	14.0414	82.0767	183.873	
2	0	1	1	10	7	14.2295	81.6552	193.557	
0	2	1	1	10	7	14.4183	81.2399	203.24	
2	0	1	1	10	6	14.6079	80.8308	212.919	
0	2	1	1	10	6	14.7983	80.4279	222.597	
1	1	1	1	10	6	14.9895	80.0311	232.271	
1	1	1	1	10	6	15.1814	79.6402	241.944	
1	1	1	1	10	6	15.3741	79.2554	251.614	
1	1	1	1	10	6	15.5674	78.8764	261.281	
1	1	1	1	10	5	15.7615	78.5032	270.946	
1	1	1	1	10	5	15.9561	78.1357	280.609	
1	1	0	2	9	5	16.1515	77.774	290.269	
0	2	2	0	8	5	16.3475	77.4179	299.926	
0	2	0	2	8	5	16.5441	77.0672	309.582	
1	1	2	0	8	5	16.7412	76.7222	319.235	
1	1	0	2	7	5	16.939	76.3825	328.886	
1	1	2	0	7	5	17.1372	76.0482	338.534	
1	1	0	2	7	5	17.3361	75.7192	348.18	
1	1	1	1	7	5	17.5354	75.3954	357.824	
1	1	0	2	7	5	17.7352	75.0768	367.465	
1	1	2	0	7	5	17.9354	74.7633	377.105	
1	1	0	2	7	5	18.1362	74.4549	386.742	
0	2	1	1	7	5	18.3373	74.1515	396.376	
2	0	1	1	7	5	18.5389	73.8529	406.009	
0	2	1	1	7	5	18.7408	73.5592	415.639	
1	1	1	1	7	5	18.9431	73.2704	425.267	
1	1	1	1	7	5	19.1458	72.9863	434.893	
1	1	1	1	7	4	19.3488	72.7069	444.517	
1	1	1	1	7	4	19.5521	72.4321	454.139	
1	1	1	1	7	4	19.7556	72.162	463.758	
1	1	1	1	7	4	19.9595	71.8962	473.375	
0	2	0	2	7	3	20.1636	71.635	482.991	
2	0	0	2	7	3	20.368	71.3782	492.604	
0	2	2	0	7	3	20.5725	71.1258	502.215	
2	0	0	2	7	3	20.7773	70.8775	511.824	
0	2	1	1	7	3	20.9822	70.6336	521.432	
0	2	1	1	7	3	21.1873	70.3938	531.037	
1	1	1	1	7	3	21.3925	70.1582	540.64	
1	1	0	2	7	2	21.5978	69.9267	550.241	
1	1	2	0	7	2	21.8033	69.699	559.84	
1	1	0	2	7	2	22.0088	69.4754	569.438	
1	1	1	1	7	2	22.2144	69.2558	579.033	
1	1	1	1	5	2	22.42	69.0401	588.627	
1	1	1	1	5	2	22.6257	68.8281	598.218	
1	1	1	1	5	2	22.8314	68.6198	607.808	
1	1	0	2	5	2	23.0372	68.4153	617.396	
1	1	2	0	5	2	23.2428	68.2144	626.982	
1	1	0	2	5	2	23.4485	68.0171	636.566	
1	1	2	0	5	2	23.6541	67.8233	646.149	
1	1	0	2	3	2	23.8597	67.6332	655.729	
1	1	1	1	3	2	24.0652	67.4464	665.308	
1	1	1	1	3	2	24.2705	67.2632	674.885	
1	1	1	1	3	2	24.4757	67.0832	684.461	
0	2	0	2	3	2	24.6809	66.9065	694.034	
2	0	1	1	3	2	24.8859	66.7334	703.606	
0	2	0	2	3	2	25.0907	66.5632	713.177	
0	2	2	0	3	1	25.2954	66.3962	722.745	
2	0	0	2	3	1	25.4999	66.2324	732.312	
0	2	0	2	3	1	25.7042	66.0718	741.877	
2	0	2	0	3	1	25.9083	65.9143	751.441	
0	2	0	2	3	1	26.1121	65.7598	761.003	
2	0	1	1	3	0	26.3158	65.6082	770.563	
0	2	1	1	3	0	26.5191	65.4595	780.122	
2	0	1	1	3	0	26.7222	65.3138	789.68	
0	2	1	1	3	0	26.9251	65.1708	799.235	
1	1	1	1	3	0	27.1277	65.0308	808.79	
1	1	1	1	3	0	27.3299	64.8934	818.342	
1	1	1	1	3	0	27.5319	64.7589	827.894	
1	1	1	1	2	0	27.7335	64.627	837.443	
1	1	1	1	2	0	27.9349	64.4976	846.991	
0	2	1	1	2	0	28.1359	64.371	856.538	
1	1	1	1	2	0	28.3365	64.2469	866.083	
1	1	1	1	2	0	28.5368	64.1254	875.627	
1	1	1	1	1	0	28.7367	64.0065	885.169	
1	1	0	2	1	0	28.9361	63.8904	894.711	
0	2	1	1	0	0	29.1353	63.776	904.25	
2	0	1	1	0	0	29.3341	63.6643	913.788	
0	2	1	1	0	0	29.5323	63.5553	923.325	
2	0	1	1	0	0	29.7303	63.4482	932.86	
0	2	1	1	0	0	29.9277	63.3438	942.394	
2	0	1	1	0	0	30.1248	63.2413	951.927	
0	2	0	2	0	0	30.3214	63.1412	961.458	
1	1	1	1	0	0	30.5176	63.0432	970.988	
0	2	1	1	0	0	30.7133	62.9475	980.517	
2	0	1	1	0	0	30.9085	62.8542	990.045	
0	2	1	1	0	0	31.1033	62.7625	999.571	
1	1	0	2	0	0	31.2976	62.6732	1009.1	
1	1	1	1	0	0	31.4914	62.5859	1018.62	
1	1	1	1	0	0	31.6848	62.5006	1028.14	
1	1	0	2	0	0	31.8775	62.4175	1037.66	
1	1	2	0	0	0	32.07	62.336	1047.18	
1	1	0	2	0	0	32.2617	62.2567	1056.7	
1	1	2	0	0	0	32.4531	62.1791	1066.22	
1	1	0	2	0	0	32.6439	62.1036	1075.73	
1	1	1	1	0	0	32.8341	62.0299	1085.25	
1	1	1	1	0	0	33.0238	61.9583	1094.76	
1	1	1	1	0	0	33.2131	61.888	1104.28	
1	1	1	1	0	0	33.4017	61.8198	1113.79	
1	1	1	1	0	0	33.5899	61.7532	1123.3	
1	1	1	1	0	0	33.7774	61.6885	1132.81	
1	1	1	1	0	0	33.9644	61.6256	1142.32	
1	1	1	1	0	0	34.1508	61.5642	1151.82	
1	1	1	1	0	0	34.3368	61.5043	1161.33	
1	1	1	1	0	0	34.5221	61.4465	1170.83	
1	1	0	2	0	0	34.7068	61.3901	1180.34	
1	1	1	1	0	0	34.891	61.3353	1189.84	
0	2	0	2	0	0	35.0747	61.2818	1199.34	
2	0	1	1	0	0	35.2577	61.23	1208.84	
0	2	1	1	0	0	35.4403	61.1797	1218.34	
2	0	0	2	0	0	35.6222	61.131	1227.84	
0	2	2	0	0	0	35.8035	61.0838	1237.34	
1	1	0	2	0	0	35.9841	61.0381	1246.83	
1	1	1	1	0	0	36.1644	60.9936	1256.33	
1	1	1	1	0	0	36.3439	60.9507	1265.82	
1	1	1	1	0	0	36.5229	60.9092	1275.32	
1	1	1	1	0	0	36.7012	60.8691	1284.81	
1	1	0	2	0	0	36.879	60.8304	1294.3	
0	2	2	0	0	0	37.0562	60.7929	1303.79	
2	0	0	2	0	0	37.2327	60.7568	1313.28	
0	2	2	0	0	0	37.4087	60.722	1322.77	
2	0	0	2	0	0	37.584	60.6885	1332.25	
0	2	2	0	0	0	37.7589	60.6562	1341.74	
2	0	0	2	0	0	37.933	60.6253	1351.23	
0	2	0	2	0	0	38.1066	60.5955	1360.71	
2	0	2	0	0	0	38.2795	60.5671	1370.19	
0	2	0	2	0	0	38.4518	60.5398	1379.68	
2	0	1	1	0	0	38.6236	60.5136	1389.16	
0	2	1	1	0	0	38.7947	60.4886	1398.64	
2	0	0	2	0	0	38.9653	60.4647	1408.12	
0	2	0	2	0	0	39.1352	60.4419	1417.59	
2	0	2	0	0	0	39.3046	60.4203	1427.07	
0	2	0	2	0	0	39.4733	60.3999	1436.55	
1	1	0	2	0	0	39.6414	60.3805	1446.03	
1	1	0	2	0	0	39.8088	60.3623	1455.5	
1	1	2	0	0	0	39.9758	60.3449	1464.97	
1	1	0	2	0	0	40.142	60.3288	1474.45	
1	1	0	2	0	0	40.3076	60.3137	1483.92	
0	2	2	0	0	0	40.4728	60.2995	1493.39	
2	0	0	2	0	0	40.6373	60.2863	1502.86	
0	2	2	0	0	0	40.8011	60.2741	1512.33	
2	0	0	2	0	0	40.9644	60.2629	1521.8	
0	2	1	1	0	0	41.1271	60.2527	1531.27	
1	1	1	1	0	0	41.2891	60.2435	1540.74	
1	1	1	1	0	0	41.4505	60.2351	1550.2	
1	1	1	1	0	0	41.6114	60.2277	1559.67	
1	1	0	2	0	0	41.7717	60.2211	1569.13	
1	1	1	1	0	0	41.9315	60.2154	1578.59	
0	2	1	1	0	0	42.0905	60.2106	1588.06	
0	2	0	2	0	0	42.249	60.2069	1597.52	
2	0	1	1	0	0	42.4069	60.2038	1606.98	
0	2	1	1	0	0	42.5642	60.2016	1616.44	
0	2	1	1	0	0	42.7209	60.2003	1625.9	
1	1	1	1	0	0	42.877	60.1998	1635.36	
1	1	1	1	0	0	43.0326	60.2001	1644.82	
1	1	1	1	0	0	43.1874	60.2013	1654.27	
1	1	1	1	0	0	43.3418	60.2032	1663.73	
1	1	1	1	0	0	43.4955	60.206	1673.19	
1	1	1	1	0	0	43.6488	60.2094	1682.64	
1	1	1	1	0	0	43.8014	60.2137	1692.09	
1	1	1	1	0	0	43.9534	60.2187	1701.55	
1	1	0	2	0	0	44.1049	60.2243	1711	
1	1	0	2	0	0	44.2558	60.2308	1720.45	
1	1	1	1	0	0	44.4061	60.2379	1729.9	
1	1	1	1	0	0	44.5559	60.2458	1739.35	
1	1	1	1	0	0	44.705	60.2544	1748.8	
1	1	1	1	0	0	44.8536	60.2638	1758.25	
1	1	1	1	0	0	45.0017	60.2737	1767.7	
1	1	0	2	0	0	45.1491	60.2844	1777.14	
1	1	0	2	0	0	45.2962	60.2956	1786.59	
1	1	2	0	0	0	45.4425	60.3076	1796.04	
1	1	0	2	0	0	45.5883	60.3202	1805.48	
1	1	2	0	0	0	45.7335	60.3335	1814.92	
1	1	0	2	0	0	45.8782	60.3474	1824.37	
1	1	1	1	0	0	46.0224	60.3619	1833.81	
1	1	1	1	0	0	46.166	60.3771	1843.25	
0	2	1	1	0	0	46.3091	60.3928	1852.69	
1	1	1	1	0	0	46.4516	60.4091	1862.13	
1	1	1	1	0	0	46.5936	60.4261	1871.57	
1	1	1	1	0	0	46.735	60.4436	1881.01	
1	1	1	1	0	0	46.8759	60.4617	1890.45	
1	1	1	1	0	0	47.0162	60.4804	1899.88	
1	1	1	1	0	0	47.1561	60.4996	1909.32	
0	2	1	1	0	0	47.2954	60.5193	1918.76	
2	0	0	2	0	0	47.4342	60.5396	1928.19	
0	2	2	0	0	0	47.5724	60.5605	1937.63	
1	1	0	2	0	0	47.7102	60.5818	1947.06	
1	1	2	0	0	0	47.8474	60.6037	1956.49	
1	1	0	2	0	0	47.9841	60.6261	1965.92	
0	2	2	0	0	0	48.1203	60.649	1975.36	
2	0	0	2	0	0	48.256	60.6725	1984.79	
0	2	0	2	0	0	48.3912	60.6964	1994.22	
2	0	0	2	0	0	48.5259	60.7208	2003.65	
0	2	1	1	0	0	48.66	60.7457	2013.07	
1	1	1	1	0	0	48.7937	60.7711	2022.5	
0	2	1	1	0	0	48.9268	60.7969	2031.93	
1	1	1	1	0	0	49.0596	60.8232	2041.35	
1	1	0	2	0	0	49.1917	60.8499	2050.78	
0	2	2	0	0	0	49.3234	60.8772	2060.21	
0	2	0	2	0	0	49.4546	60.9049	2069.63	
2	0	2	0	0	0	49.5852	60.9331	2079.05	
0	2	0	2	0	0	49.7155	60.9616	2088.48	
1	1	2	0	0	0	49.8452	60.9905	2097.9	
1	1	0	2	0	0	49.9745	61.0199	2107.32	
1	1	0	2	0	0	50.1033	61.0498	2116.74	
1	1	0	2	0	0	50.2316	61.08	2126.16	
1	1	2	0	0	0	50.3594	61.1106	2135.58	
1	1	0	2	0	0	50.4868	61.1416	2145	
0	2	2	0	0	0	50.6138	61.173	2154.42	
2	0	0	2	0	0	50.7401	61.205	2163.84	
0	2	2	0	0	0	50.866	61.2372	2173.25	
0	2	0	2	0	0	50.9916	61.2698	2182.67	
2	0	2	0	0	0	51.1166	61.3028	2192.08	
0	2	0	2	0	0	51.2413	61.3362	2201.5	
2	0	2	0	0	0	51.3654	61.3699	2210.91	
0	2	0	2	0	0	51.4892	61.4039	2220.33	
2	0	2	0	0	0	51.6124	61.4384	2229.74	
0	2	0	2	0	0	51.7352	61.4731	2239.15	
2	0	2	0	0	0	51.8576	61.5084	2248.56	
0	2	0	2	0	0	51.9796	61.5438	2257.97	
2	0	2	0	0	0	52.1011	61.5796	2267.38	
0	2	0	2	0	0	52.2222	61.6157	2276.79	
2	0	2	0	0	0	52.3428	61.6521	2286.2	
0	2	0	2	0	0	52.463	61.689	2295.61	
2	0	2	0	0	0	52.5828	61.7261	2305.02	
0	2	0	2	0	0	52.7022	61.7635	2314.42	
1	1	2	0	0	0	52.8211	61.8014	2323.83	
1	1	0	2	0	0	52.9396	61.8394	2333.24	
1	1	2	0	0	0	53.0578	61.8777	2342.64	
1	1	0	2	0	0	53.1755	61.9166	2352.05	
1	1	1	1	0	0	53.2928	61.9556	2361.45	
1	1	1	1	0	0	53.4097	61.9947	2370.85	
1	1	0	2	0	0	53.5261	62.0341	2380.25	
1	1	1	1	0	0	53.6422	62.0741	2389.66	
1	1	1	1	0	0	53.7579	62.1142	2399.06	
1	1	1	1	0	0	53.8731	62.1546	2408.46	
1	1	1	1	0	0	53.988	62.1953	2417.86	
1	1	1	1	0	0	54.1025	62.2362	2427.26	
1	1	1	1	0	0	54.2166	62.2775	2436.65	
0	2	1	1	0	0	54.3303	62.3189	2446.05	
2	0	1	1	0	0	54.4436	62.3606	2455.45	
0	2	1	1	0	0	54.5565	62.4026	2464.85	
0	2	1	1	0	0	54.669	62.4449	2474.24	
0	2	1	1	0	0	54.7813	62.4874	2483.64	
2	0	1	1	0	0	54.893	62.5301	2493.03	
0	2	1	1	0	0	55.0044	62.5731	2502.43	
2	0	1	1	0	0	55.1154	62.6164	2511.82	
0	2	1	1	0	0	55.2262	62.6598	2521.21	
2	0	1	1	0	0	55.3364	62.7035	2530.6	
0	2	1	1	0	0	55.4463	62.7474	2540	
1	1	1	1	0	0	55.5559	62.7916	2549.39	
0	2	1	1	0	0	55.6652	62.8361	2558.78	
0	2	1	1	0	0	55.774	62.8806	2568.17	
1	1	1	1	0	0	55.8825	62.9253	2577.56	
1	1	0	2	0	0	55.9907	62.9705	2586.94	
1	1	0	2	0	0	56.0984	63.0157	2596.33	
1	1	2	0	0	0	56.2059	63.0612	2605.72	
1	1	0	2	0	0	56.3129	63.1068	2615.11	
0	2	2	0	0	0	56.4197	63.1527	2624.49	
2	0	0	2	0	0	56.5262	63.1987	2633.88	
0	2	1	1	0	0	56.6322	63.2451	2643.26	
2	0	1	1	0	0	56.7379	63.2915	2652.65	
0	2	1	1	0	0	56.8433	63.3382	2662.03	
2	0	1	1	0	0	56.9483	63.385	2671.41	
0	2	1	1	0	0	57.053	63.4321	2680.79	
2	0	1	1	0	0	57.1574	63.4793	2690.18	
0	2	1	1	0	0	57.2614	63.5267	2699.56	
2	0	1	1	0	0	57.3651	63.5743	2708.94	
0	2	1	1	0	0	57.4686	63.6221	2718.32	
2	0	1	1	0	0	57.5717	63.67	2727.7	
0	2	1	1	0	0	57.6745	63.7181	2737.08	
2	0	0	2	0	0	57.7769	63.7664	2746.45	
0	2	1	1	0	0	57.879	63.8149	2755.83	
0	2	0	2	0	0	57.9808	63.8635	2765.21	
2	0	0	2	0	0	58.0823	63.9123	2774.58	
0	2	2	0	0	0	58.1835	63.9614	2783.96	
2	0	0	2	0	0	58.2844	64.0105	2793.33	
0	2	2	0	0	0	58.385	64.0596	2802.71	
2	0	0	2	0	0	58.4853	64.109	2812.08	
0	2	0	2	0	0	58.5852	64.1587	2821.46	
1	1	2	0	0	0	58.6849	64.2084	2830.83	
1	1	0	2	0	0	58.7843	64.2582	2840.2	
0	2	2	0	0	0	58.8833	64.3083	2849.57	
2	0	0	2	0	0	58.982	64.3585	2858.94	
0	2	1	1	0	0	59.0805	64.4088	2868.31	
1	1	0	2	0	0	59.1788	64.4593	2877.68	
1	1	2	0	0	0	59.2767	64.5099	2887.05	
1	1	0	2	0	0	59.3743	64.5606	2896.42	
1	1	2	0	0	0	59.4717	64.6113	2905.79	
1	1	0	2	0	0	59.5686	64.6625	2915.16	
1	1	2	0	0	0	59.6654	64.7135	2924.52	
1	1	0	2	0	0	59.7619	64.7648	2933.89	
1	1	2	0	0	0	59.8581	64.8161	2943.25	
1	1	0	2	0	0	59.9541	64.8677	2952.62	
1	1	2	0	0	0	60.0497	64.9193	2961.98	
1	1	0	2	0	0	60.1451	64.9711	2971.35	
1	1	2	0	0	0	60.2402	65.023	2980.71	
0	2	0	2	0	0	60.335	65.075	2990.07	
1	1	2	0	0	0	60.4296	65.1271	2999.43	
1	1	0	2	0	0	60.5239	65.1793	3008.8	
1	1	1	1	0	0	60.618	65.2316	3018.16	
1	1	1	1	0	0	60.7118	65.2841	3027.52	
1	1	1	1	0	0	60.8053	65.3366	3036.88	
1	1	1	1	0	0	60.8986	65.3892	3046.23	
0	2	0	2	0	0	60.9916	65.442	3055.59	
2	0	2	0	0	0	61.0843	65.4949	3064.95	
0	2	0	2	0	0	61.1768	65.548	3074.31	
2	0	1	1	0	0	61.2691	65.601	3083.67	
0	2	1	1	0	0	61.361	65.6542	3093.02	
0	2	1	1	0	0	61.4528	65.7075	3102.38	
2	0	1	1	0	0	61.5443	65.7608	3111.73	
0	2	1	1	0	0	61.6356	65.8143	3121.09	
1	1	1	1	0	0	61.7265	65.8679	3130.44	
1	1	1	1	0	0	61.8173	65.9216	3139.79	
1	1	0	2	0	0	61.9078	65.9752	3149.15	
1	1	0	2	0	0	61.9981	66.0291	3158.5	
1	1	1	1	0	0	62.0881	66.083	3167.85	
1	1	0	2	0	0	62.178	66.1371	3177.2	
0	2	1	1	0	0	62.2676	66.1912	3186.55	
0	2	0	2	0	0	62.3569	66.2454	3195.9	
2	0	2	0	0	0	62.446	66.2996	3205.25	
0	2	0	2	0	0	62.5349	66.354	3214.6	
2	0	0	2	0	0	62.6235	66.4084	3223.95	
0	2	0	2	0	0	62.7119	66.463	3233.3	
1	1	2	0	0	0	62.8002	66.5175	3242.64	
1	1	0	2	0	0	62.8881	66.5722	3251.99	
1	1	2	0	0	0	62.9759	66.6269	3261.33	
1	1	0	2	0	0	63.0634	66.6818	3270.68	
1	1	0	2	0	0	63.1507	66.7367	3280.02	
1	1	1	1	0	0	63.2378	66.7916	3289.37	
1	1	1	1	0	0	63.3247	66.8467	3298.71	
1	1	1	1	0	0	63.4114	66.9018	3308.06	
1	1	0	2	0	0	63.4978	66.9569	3317.4	
1	1	1	1	0	0	63.5841	67.0122	3326.74	
1	1	1	1	0	0	63.67	67.0675	3336.08	
0	2	1	1	0	0	63.7558	67.1229	3345.42	
2	0	1	1	0	0	63.8415	67.1782	3354.76	
0	2	1	1	0	0	63.9268	67.2338	3364.1	
1	1	1	1	0	0	64.012	67.2893	3373.44	
1	1	1	1	0	0	64.097	67.345	3382.78	
1	1	1	1	0	0	64.1818	67.4006	3392.12	
0	2	1	1	0	0	64.2663	67.4563	3401.45	
2	0	1	1	0	0	64.3506	67.5121	3410.79	
0	2	1	1	0	0	64.4348	67.5679	3420.13	
1	1	0	2	0	0	64.5188	67.6238	3429.46	
0	2	1	1	0	0	64.6026	67.6797	3438.8	
1	1	1	1	0	0	64.6862	67.7358	3448.13	
1	1	1	1	0	0	64.7696	67.7919	3457.47	
0	2	1	1	0	0	64.8528	67.848	3466.8	
2	0	1	1	0	0	64.9359	67.9043	3476.13	
0	2	1	1	0	0	65.0185	67.9603	3485.47	
1	1	0	2	0	0	65.1011	68.0166	3494.8	
0	2	2	0	0	0	65.1836	68.0729	3504.13	
2	0	0	2	0	0	65.2657	68.1293	3513.46	
0	2	2	0	0	0	65.3478	68.1856	3522.79	
1	1	0	2	0	0	65.4297	68.242	3532.12	
1	1	0	2	0	0	65.5114	68.2986	3541.45	
1	1	2	0	0	0	65.5928	68.355	3550.78	
0	2	0	2	0	0	65.6742	68.4115	3560.11	
2	0	2	0	0	0	65.7553	68.4683	3569.43	
0	2	0	2	0	0	65.8363	68.5249	3578.76	
2	0	2	0	0	0	65.917	68.5816	3588.09	
0	2	0	2	0	0	65.9977	68.6382	3597.41	
2	0	2	0	0	0	66.0781	68.695	3606.74	
0	2	0	2	0	0	66.1583	68.7518	3616.06	
1	1	1	1	0	0	66.2384	68.8087	3625.39	
1	1	1	1	0	0	66.3183	68.8655	3634.71	
0	2	1	1	0	0	66.398	68.9224	3644.03	
2	0	1	1	0	0	66.4775	68.9793	3653.36	
0	2	1	1	0	0	66.557	69.0364	3662.68	
0	2	1	1	0	0	66.6361	69.0934	3672	
0	2	1	1	0	0	66.7152	69.1504	3681.32	
2	0	0	2	0	0	66.794	69.2074	3690.64	
0	2	2	0	0	0	66.8728	69.2646	3699.96	
2	0	0	2	0	0	66.9514	69.3216	3709.28	
0	2	2	0	0	0	67.0298	69.3787	3718.6	
1	1	0	2	0	0	67.108	69.4359	3727.92	
1	1	2	0	0	0	67.186	69.4931	3737.23	
1	1	0	2	0	0	67.2639	69.5503	3746.55	
1	1	2	0	0	0	67.3417	69.6076	3755.87	
1	1	0	2	0	0	67.4193	69.6649	3765.18	
1	1	0	2	0	0	67.4967	69.7223	3774.5	
1	1	2	0	0	0	67.5739	69.7796	3783.81	
1	1	0	2	0	0	67.651	69.8369	3793.13	
0	2	1	1	0	0	67.7279	69.8942	3802.44	
2	0	1	1	0	0	67.8048	69.9517	3811.76	
0	2	1	1	0	0	67.8815	70.009	3821.07	
1	1	1	1	0	0	67.958	70.0665	3830.38	
0	2	1	1	0	0	68.0343	70.124	3839.69	
2	0	1	1	0	0	68.1105	70.1814	3849	
0	2	1	1	0	0	68.1865	70.2389	3858.31	
2	0	1	1	0	0	68.2623	70.2963	3867.62	
0	2	1	1	0	0	68.3381	70.354	3876.93	
2	0	1	1	0	0	68.4138	70.4115	3886.24	
0	2	0	2	0	0	68.4892	70.4691	3895.55	
2	0	1	1	0	0	68.5645	70.5266	3904.86	
0	2	1	1	0	0	68.6397	70.5842	3914.17	
1	1	1	1	0	0	68.7147	70.6419	3923.47	
1	1	0	2	0	0	68.7897	70.6994	3932.78	
1	1	2	0	0	0	68.8645	70.757	3942.09	
1	1	0	2	0	0	68.9391	70.8146	3951.39	
1	1	1	1	0	0	69.0134	70.8723	3960.7	
1	1	1	1	0	0	69.0877	70.9301	3970	
0	2	1	1	0	0	69.1619	70.9877	3979.3	
2	0	1	1	0	0	69.236	71.0455	3988.61	
0	2	1	1	0	0	69.3099	71.1031	3997.91	
2	0	1	1	0	0	69.3837	71.1608	4007.21	
0	2	1	1	0	0	69.4573	71.2185	4016.51	
2	0	1	1	0	0	69.5308	71.2762	4025.81	
0	2	1	1	0	0	69.6042	71.334	4035.11	
1	1	1	1	0	0	69.6773	71.3918	4044.41	
1	1	0	2	0	0	69.7505	71.4495	4053.71	
1	1	2	0	0	0	69.8235	71.5072	4063.01	
1	1	0	2	0	0	69.8963	71.565	4072.31	
1	1	2	0	0	0	69.969	71.6228	4081.61	
1	1	0	2	0	0	70.0416	71.6805	4090.91	
1	1	1	1	0	0	70.1141	71.7383	4100.2	
1	1	1	1	0	0	70.1864	71.796	4109.5	
1	1	1	1	0	0	70.2586	71.8538	4118.8	
1	1	1	1	0	0	70.3307	71.9116	4128.09	
0	2	1	1	0	0	70.4026	71.9694	4137.39	
2	0	1	1	0	0	70.4745	72.0272	4146.68	
0	2	1	1	0	0	70.5462	72.085	4155.97	
1	1	0	2	0	0	70.6178	72.1428	4165.27	
1	1	2	0	0	0	70.6891	72.2007	4174.56	
1	1	0	2	0	0	70.7604	72.2583	4183.85	
1	1	2	0	0	0	70.8317	72.3162	4193.14	
1	1	0	2	0	0	70.9029	72.374	4202.43	
1	1	0	2	0	0	70.9738	72.4318	4211.72	
1	1	2	0	0	0	71.0447	72.4895	4221.01	
1	1	0	2	0	0	71.1155	72.5474	4230.3	
1	1	0	2	0	0	71.186	72.6051	4239.59	
1	1	2	0	0	0	71.2565	72.663	4248.88	
1	1	0	2	0	0	71.3269	72.7207	4258.17	
1	1	2	0	0	0	71.3972	72.7785	4267.46	
1	1	0	2	0	0	71.4673	72.8363	4276.74	
1	1	1	1	0	0	71.5374	72.894	4286.03	
1	1	1	1	0	0	71.6074	72.9518	4295.32	
1	1	1	1	0	0	71.6772	73.0096	4304.6	
1	1	1	1	0	0	71.7468	73.0673	4313.89	
0	2	1	1	0	0	71.8165	73.125	4323.17	
2	0	1	1	0	0	71.8858	73.1829	4332.46	
0	2	0	2	0	0	71.9553	73.2406	4341.74	
2	0	2	0	0	0	72.0245	73.2984	4351.02	
0	2	0	2	0	0	72.0937	73.3561	4360.3	
0	2	0	2	0	0	72.1627	73.4138	4369.59	
2	0	0	2	0	0	72.2317	73.4715	4378.87	
0	2	2	0	0	0	72.3005	73.5292	4388.15	
2	0	0	2	0	0	72.3692	73.587	4397.43	
0	2	2	0	0	0	72.4378	73.6446	4406.71	
2	0	0	2	0	0	72.5062	73.7025	4415.99	
0	2	1	1	0	0	72.5748	73.7599	4425.26	
1	1	0	2	0	0	72.643	73.8177	4434.54	
1	1	2	0	0	0	72.7112	73.8754	4443.82	
1	1	0	2	0	0	72.7793	73.933	4453.1	
1	1	2	0	0	0	72.8472	73.9906	4462.38	
1	1	0	2	0	0	72.9152	74.0483	4471.65	
1	1	1	1	0	0	72.9829	74.1059	4480.93	
0	2	0	2	0	0	73.0506	74.1636	4490.2	
2	0	1	1	0	0	73.1182	74.2212	4499.48	
0	2	1	1	0	0	73.1856	74.2788	4508.75	
2	0	1	1	0	0	73.253	74.3364	4518.02	
0	2	1	1	0	0	73.3204	74.394	4527.3	
0	2	1	1	0	0	73.3875	74.4514	4536.57	
2	0	1	1	0	0	73.4546	74.509	4545.84	
0	2	1	1	0	0	73.5215	74.5666	4555.11	
2	0	1	1	0	0	73.5884	74.6241	4564.39	
0	2	0	2	0	0	73.6552	74.6816	4573.66	
2	0	2	0	0	0	73.722	74.7391	4582.93	
0	2	0	2	0	0	73.7886	74.7966	4592.2	
2	0	1	1	0	0	73.855	74.8541	4601.47	
0	2	0	2	0	0	73.9214	74.9115	4610.73	
2	0	2	0	0	0	73.9877	74.969	4620	
0	2	0	2	0	0	74.054	75.0264	4629.27	
2	0	2	0	0	0	74.1201	75.0838	4638.54	
0	2	0	2	0	0	74.1862	75.1412	4647.8	
2	0	2	0	0	0	74.2521	75.1986	4657.07	
0	2	0	2	0	0	74.3179	75.2559	4666.33	
0	2	0	2	0	0	74.3837	75.3133	4675.6	
2	0	0	2	0	0	74.4494	75.3706	4684.86	
0	2	2	0	0	0	74.515	75.4279	4694.13	
1	1	0	2	0	0	74.5805	75.4852	4703.39	
1	1	2	0	0	0	74.6457	75.5424	4712.65	
0	2	0	2	0	0	74.7111	75.5999	4721.92	
0	2	2	0	0	0	74.7764	75.6571	4731.18	
2	0	0	2	0	0	74.8415	75.7143	4740.44	
0	2	1	1	0	0	74.9065	75.7716	4749.7	
2	0	1	1	0	0	74.9715	75.8288	4758.96	
0	2	1	1	0	0	75.0363	75.886	4768.22	
2	0	1	1	0	0	75.1011	75.9432	4777.48	
0	2	0	2	0	0	75.1659	76.0003	4786.74	
2	0	2	0	0	0	75.2303	76.0576	4796	
0	2	0	2	0	0	75.295	76.1145	4805.26	
0	2	1	1	0	0	75.3594	76.1717	4814.52	
1	1	1	1	0	0	75.4238	76.2287	4823.77	
1	1	1	1	0	0	75.488	76.2858	4833.03	
1	1	1	1	0	0	75.5523	76.3428	4842.29	
1	1	1	1	0	0	75.6164	76.3999	4851.54	
0	2	0	2	0	0	75.6804	76.4569	4860.8	
2	0	2	0	0	0	75.7444	76.5139	4870.05	
0	2	0	2	0	0	75.8082	76.5709	4879.31	
2	0	1	1	0	0	75.872	76.6278	4888.56	
0	2	1	1	0	0	75.9357	76.6847	4897.81	
2	0	0	2	0	0	75.9993	76.7416	4907.06	
0	2	1	1	0	0	76.0628	76.7985	4916.32	
0	2	0	2	0	0	76.1262	76.8554	4925.57	
0	2	1	1	0	0	76.1897	76.9122	4934.82	
1	1	0	2	0	0	76.253	76.969	4944.07	
1	1	2	0	0	0	76.3162	77.0258	4953.32	
1	1	0	2	0	0	76.3793	77.0825	4962.57	
1	1	0	2	0	0	76.4424	77.1394	4971.82	
1	1	1	1	0	0	76.5054	77.1961	4981.07	
0	2	1	1	0	0	76.5683	77.2528	4990.32	
1	1	1	1	0	0	76.6311	77.3095	4999.56	
1	1	1	1	0	0	76.6939	77.3662	5008.81	
1	1	1	1	0	0	76.7566	77.4229	5018.06	
1	1	1	1	0	0	76.8191	77.4795	5027.3	
1	1	1	1	0	0	76.8817	77.5361	5036.55	
1	1	1	1	0	0	76.9441	77.5927	5045.8	
0	2	1	1	0	0	77.0065	77.6493	5055.04	
2	0	1	1	0	0	77.0688	77.7058	5064.29	
0	2	1	1	0	0	77.131	77.7624	5073.53	
2	0	0	2	0	0	77.1932	77.8188	5082.77	
0	2	2	0	0	0	77.2553	77.8753	5092.02	
2	0	0	2	0	0	77.3173	77.9318	5101.26	
0	2	2	0	0	0	77.3793	77.9882	5110.5	
2	0	0	2	0	0	77.441	78.0447	5119.74	
0	2	2	0	0	0	77.5029	78.101	5128.98	
1	1	0	2	0	0	77.5645	78.1574	5138.22	
1	1	2	0	0	0	77.6263	78.2137	5147.46	
1	1	0	2	0	0	77.6878	78.27	5156.7	
1	1	0	2	0	0	77.7493	78.3264	5165.94	
1	1	0	2	0	0	77.8108	78.3825	5175.18	
0	2	2	0	0	0	77.8722	78.4388	5184.42	
2	0	0	2	0	0	77.9334	78.4951	5193.66	
0	2	0	2	0	0	77.9947	78.5512	5202.89	
1	1	2	0	0	0	78.0558	78.6074	5212.13	
1	1	0	2	0	0	78.1168	78.6636	5221.36	
1	1	1	1	0	0	78.1778	78.7198	5230.6	
0	2	1	1	0	0	78.2389	78.7757	5239.84	
2	0	0	2	0	0	78.2998	78.8318	5249.07	
0	2	2	0	0	0	78.3606	78.8879	5258.31	
2	0	0	2	0	0	78.4212	78.9441	5267.54	
0	2	1	1	0	0	78.482	79	5276.77	
2	0	1	1	0	0	78.5426	79.0559	5286	
0	2	1	1	0	0	78.6032	79.1118	5295.24	
1	1	1	1	0	0	78.6637	79.1678	5304.47	
1	1	1	1	0	0	78.7241	79.2237	5313.7	
1	1	1	1	0	0	78.7844	79.2796	5322.93	
0	2	1	1	0	0	78.8447	79.3354	5332.16	
1	1	1	1	0	0	78.905	79.3912	5341.39	
1	1	1	1	0	0	78.9651	79.447	5350.62	
1	1	0	2	0	0	79.0251	79.5029	5359.85	
1	1	1	1	0	0	79.0852	79.5585	5369.08	
1	1	1	1	0	0	79.1452	79.6142	5378.31	
1	1	1	1	0	0	79.205	79.6699	5387.53	
1	1	1	1	0	0	79.2648	79.7257	5396.76	
1	1	1	1	0	0	79.3246	79.7813	5405.99	
1	1	0	2	0	0	79.3846	79.8366	5415.21	
1	1	1	1	0	0	79.444	79.8925	5424.44	
1	1	0	2	0	0	79.5036	79.948	5433.66	
1	1	2	0	0	0	79.5632	80.0034	5442.89	
0	2	0	2	0	0	79.6227	80.059	5452.11	
2	0	2	0	0	0	79.682	80.1145	5461.34	
0	2	0	2	0	0	79.7413	80.17	5470.56	
0	2	2	0	0	0	79.8006	80.2254	5479.78	
2	0	0	2	0	0	79.8597	80.2809	5489	
0	2	2	0	0	0	79.919	80.3362	5498.23	
1	1	0	2	0	0	79.978	80.3916	5507.45	
1	1	2	0	0	0	80.0372	80.4468	5516.67	
1	1	0	2	0	0	80.096	80.5023	5525.89	
1	1	0	2	0	0	80.1549	80.5575	5535.11	
1	1	1	1	0	0	80.2138	80.6127	5544.33	
1	1	1	1	0	0	80.2726	80.668	5553.55	
1	1	1	1	0	0	80.3313	80.7231	5562.77	
1	1	1	1	0	0	80.3899	80.7784	5571.98	
1	1	1	1	0	0	80.4484	80.8337	5581.2	
1	1	1	1	0	0	80.5071	80.8886	5590.42	
1	1	1	1	0	0	80.5657	80.9436	5599.64	
1	1	1	1	0	0	80.6241	80.9987	5608.85	
0	2	1	1	0	0	80.6825	81.0537	5618.07	
1	1	1	1	0	0	80.7409	81.1086	5627.28	
0	2	1	1	0	0	80.7991	81.1637	5636.5	
0	2	1	1	0	0	80.8573	81.2187	5645.71	
